rank_au,whisky,expression,brand,style,age,abv,size_ml,store,state,price_aud,in_stock,product_url,store_url,store_logo,last_seen,source,popularity_group,status
1,Johnnie Walker Red Label,Blended Scotch Whisky 700mL,Johnnie Walker,Scotch,,,700,Dan Murphy's,AU,30.0,True,https://www.danmurphys.com.au/whisky/all?search=Johnnie+Walker+Red+Label,https://www.danmurphys.com.au/whisky/all,assets/stores/dan_murphys.svg,2026-04-16 02:54 UTC,saved_live_scrape,Top 10,Verified live
1,Johnnie Walker Red Label,Blended Scotch Whisky 700mL,Johnnie Walker,Scotch,,,700,BWS,AU,66.0,True,https://bws.com.au/spirits/whisky?search=Johnnie+Walker+Red+Label,https://bws.com.au/spirits/whisky,assets/stores/bws.svg,2026-04-16 02:54 UTC,saved_live_scrape,Top 10,Verified live
1,Johnnie Walker Red Label,Blended Scotch Whisky 700mL,Johnnie Walker,Scotch,,,700,Liquorland,AU,149.0,True,https://www.liquorland.com.au/spirits/whisky?search=Johnnie+Walker+Red+Label,https://www.liquorland.com.au/spirits/whisky,assets/stores/liquorland.svg,2026-04-16 02:54 UTC,saved_live_scrape,Top 10,Verified live
1,Johnnie Walker Red Label,Blended Scotch Whisky 700mL,Johnnie Walker,Scotch,,,700,First Choice,AU,149.0,True,https://www.firstchoiceliquor.com.au/spirits/whisky?search=Johnnie+Walker+Red+Label,https://www.firstchoiceliquor.com.au/spirits/whisky,assets/stores/first_choice.svg,2026-04-16 02:54 UTC,saved_live_scrape,Top 10,Verified live
2,Johnnie Walker Black Label 12YO,Blended Scotch Whisky 700mL,Johnnie Walker,Scotch,,,700,Dan Murphy's,AU,30.0,True,https://www.danmurphys.com.au/whisky/all?search=Johnnie+Walker+Black+Label+12YO,https://www.danmurphys.com.au/whisky/all,assets/stores/dan_murphys.svg,2026-04-16 02:54 UTC,saved_live_scrape,Top 10,Verified live
2,Johnnie Walker Black Label 12YO,Blended Scotch Whisky 700mL,Johnnie Walker,Scotch,,,700,BWS,AU,66.0,False,https://bws.com.au/spirits/whisky?search=Johnnie+Walker+Black+Label+12YO,https://bws.com.au/spirits/whisky,assets/stores/bws.svg,2026-04-16 02:54 UTC,saved_live_scrape,Top 10,Verified live
2,Johnnie Walker Black Label 12YO,Blended Scotch Whisky 700mL,Johnnie Walker,Scotch,,,700,Liquorland,AU,149.0,True,https://www.liquorland.com.au/spirits/whisky?search=Johnnie+Walker+Black+Label+12YO,https://www.liquorland.com.au/spirits/whisky,assets/stores/liquorland.svg,2026-04-16 02:54 UTC,saved_live_scrape,Top 10,Verified live
2,Johnnie Walker Black Label 12YO,Blended Scotch Whisky 700mL,Johnnie Walker,Scotch,,,700,First Choice,AU,149.0,True,https://www.firstchoiceliquor.com.au/spirits/whisky?search=Johnnie+Walker+Black+Label+12YO,https://www.firstchoiceliquor.com.au/spirits/whisky,assets/stores/first_choice.svg,2026-04-16 02:54 UTC,saved_live_scrape,Top 10,Verified live
3,Johnnie Walker Double Black,Blended Scotch Whisky 700mL,Johnnie Walker,Scotch,,,700,Dan Murphy's,AU,30.0,False,https://www.danmurphys.com.au/whisky/all?search=Johnnie+Walker+Double+Black,https://www.danmurphys.com.au/whisky/all,assets/stores/dan_murphys.svg,2026-04-16 02:54 UTC,saved_live_scrape,Top 10,Verified live
3,Johnnie Walker Double Black,Blended Scotch Whisky 700mL,Johnnie Walker,Scotch,,,700,BWS,AU,20.0,True,https://bws.com.au/spirits/whisky?search=Johnnie+Walker+Double+Black,https://bws.com.au/spirits/whisky,assets/stores/bws.svg,2026-04-16 02:54 UTC,saved_live_scrape,Top 10,Verified live
3,Johnnie Walker Double Black,Blended Scotch Whisky 700mL,Johnnie Walker,Scotch,,,700,Liquorland,AU,149.0,True,https://www.liquorland.com.au/spirits/whisky?search=Johnnie+Walker+Double+Black,https://www.liquorland.com.au/spirits/whisky,assets/stores/liquorland.svg,2026-04-16 02:54 UTC,saved_live_scrape,Top 10,Verified live
3,Johnnie Walker Double Black,Blended Scotch Whisky 700mL,Johnnie Walker,Scotch,,,700,First Choice,AU,149.0,True,https://www.firstchoiceliquor.com.au/spirits/whisky?search=Johnnie+Walker+Double+Black,https://www.firstchoiceliquor.com.au/spirits/whisky,assets/stores/first_choice.svg,2026-04-16 02:54 UTC,saved_live_scrape,Top 10,Verified live
4,Johnnie Walker Green Label 15YO,Blended Malt Scotch Whisky 700mL,Johnnie Walker,Scotch,,,700,Dan Murphy's,AU,30.0,True,https://www.danmurphys.com.au/whisky/all?search=Johnnie+Walker+Green+Label+15YO,https://www.danmurphys.com.au/whisky/all,assets/stores/dan_murphys.svg,2026-04-16 02:54 UTC,saved_live_scrape,Top 10,Verified live
4,Johnnie Walker Green Label 15YO,Blended Malt Scotch Whisky 700mL,Johnnie Walker,Scotch,,,700,BWS,AU,66.0,True,https://bws.com.au/spirits/whisky?search=Johnnie+Walker+Green+Label+15YO,https://bws.com.au/spirits/whisky,assets/stores/bws.svg,2026-04-16 02:54 UTC,saved_live_scrape,Top 10,Verified live
4,Johnnie Walker Green Label 15YO,Blended Malt Scotch Whisky 700mL,Johnnie Walker,Scotch,,,700,Liquorland,AU,95.85,True,https://www.liquorland.com.au/spirits/whisky?search=Johnnie+Walker+Green+Label+15YO,https://www.liquorland.com.au/spirits/whisky,assets/stores/liquorland.svg,2026-03-31,curated_seed,Top 10,Live parse failed
4,Johnnie Walker Green Label 15YO,Blended Malt Scotch Whisky 700mL,Johnnie Walker,Scotch,,,700,First Choice,AU,94.95,True,https://www.firstchoiceliquor.com.au/spirits/whisky?search=Johnnie+Walker+Green+Label+15YO,https://www.firstchoiceliquor.com.au/spirits/whisky,assets/stores/first_choice.svg,2026-03-31,curated_seed,Top 10,Live parse failed
5,Chivas Regal 12YO,Blended Scotch Whisky 700mL,Chivas Regal,Scotch,,,700,Dan Murphy's,AU,30.0,True,https://www.danmurphys.com.au/whisky/all?search=Chivas+Regal+12YO,https://www.danmurphys.com.au/whisky/all,assets/stores/dan_murphys.svg,2026-04-16 02:54 UTC,saved_live_scrape,Top 10,Verified live
5,Chivas Regal 12YO,Blended Scotch Whisky 700mL,Chivas Regal,Scotch,,,700,BWS,AU,66.0,True,https://bws.com.au/spirits/whisky?search=Chivas+Regal+12YO,https://bws.com.au/spirits/whisky,assets/stores/bws.svg,2026-04-16 02:54 UTC,saved_live_scrape,Top 10,Verified live
5,Chivas Regal 12YO,Blended Scotch Whisky 700mL,Chivas Regal,Scotch,,,700,Liquorland,AU,56.56,True,https://www.liquorland.com.au/spirits/whisky?search=Chivas+Regal+12YO,https://www.liquorland.com.au/spirits/whisky,assets/stores/liquorland.svg,2026-03-31,curated_seed,Top 10,Live parse failed
5,Chivas Regal 12YO,Blended Scotch Whisky 700mL,Chivas Regal,Scotch,,,700,First Choice,AU,54.52,True,https://www.firstchoiceliquor.com.au/spirits/whisky?search=Chivas+Regal+12YO,https://www.firstchoiceliquor.com.au/spirits/whisky,assets/stores/first_choice.svg,2026-03-31,curated_seed,Top 10,Live parse failed
6,Chivas Regal 18YO,Blended Scotch Whisky 700mL,Chivas Regal,Scotch,,,700,Dan Murphy's,AU,30.0,True,https://www.danmurphys.com.au/whisky/all?search=Chivas+Regal+18YO,https://www.danmurphys.com.au/whisky/all,assets/stores/dan_murphys.svg,2026-04-16 02:54 UTC,saved_live_scrape,Top 10,Verified live
6,Chivas Regal 18YO,Blended Scotch Whisky 700mL,Chivas Regal,Scotch,,,700,BWS,AU,66.0,True,https://bws.com.au/spirits/whisky?search=Chivas+Regal+18YO,https://bws.com.au/spirits/whisky,assets/stores/bws.svg,2026-04-16 02:54 UTC,saved_live_scrape,Top 10,Verified live
6,Chivas Regal 18YO,Blended Scotch Whisky 700mL,Chivas Regal,Scotch,,,700,Liquorland,AU,114.27,False,https://www.liquorland.com.au/spirits/whisky?search=Chivas+Regal+18YO,https://www.liquorland.com.au/spirits/whisky,assets/stores/liquorland.svg,2026-03-31,curated_seed,Top 10,Live parse failed
6,Chivas Regal 18YO,Blended Scotch Whisky 700mL,Chivas Regal,Scotch,,,700,First Choice,AU,109.09,True,https://www.firstchoiceliquor.com.au/spirits/whisky?search=Chivas+Regal+18YO,https://www.firstchoiceliquor.com.au/spirits/whisky,assets/stores/first_choice.svg,2026-03-31,curated_seed,Top 10,Live parse failed
7,Glenfiddich 12YO,Single Malt Scotch Whisky 700mL,Glenfiddich,Scotch,,,700,Dan Murphy's,AU,30.0,True,https://www.danmurphys.com.au/whisky/all?search=Glenfiddich+12YO,https://www.danmurphys.com.au/whisky/all,assets/stores/dan_murphys.svg,2026-04-16 02:54 UTC,saved_live_scrape,Top 10,Verified live
7,Glenfiddich 12YO,Single Malt Scotch Whisky 700mL,Glenfiddich,Scotch,,,700,BWS,AU,28.0,True,https://bws.com.au/product/17621/glenfiddich-12-year-old-single-malt-scotch-whisky-700ml,https://bws.com.au/spirits/whisky,assets/stores/bws.svg,2026-04-16 02:54 UTC,saved_live_scrape,Top 10,Verified live
7,Glenfiddich 12YO,Single Malt Scotch Whisky 700mL,Glenfiddich,Scotch,,,700,Liquorland,AU,75.16,True,https://www.liquorland.com.au/spirits/whisky?search=Glenfiddich+12YO,https://www.liquorland.com.au/spirits/whisky,assets/stores/liquorland.svg,2026-03-31,curated_seed,Top 10,Live parse failed
7,Glenfiddich 12YO,Single Malt Scotch Whisky 700mL,Glenfiddich,Scotch,,,700,First Choice,AU,71.72,True,https://www.firstchoiceliquor.com.au/spirits/whisky?search=Glenfiddich+12YO,https://www.firstchoiceliquor.com.au/spirits/whisky,assets/stores/first_choice.svg,2026-03-31,curated_seed,Top 10,Live parse failed
8,Glenfiddich 15YO,Single Malt Scotch Whisky 700mL,Glenfiddich,Scotch,,,700,Dan Murphy's,AU,30.0,True,https://www.danmurphys.com.au/whisky/all?search=Glenfiddich+15YO,https://www.danmurphys.com.au/whisky/all,assets/stores/dan_murphys.svg,2026-04-16 02:54 UTC,saved_live_scrape,Top 10,Verified live
8,Glenfiddich 15YO,Single Malt Scotch Whisky 700mL,Glenfiddich,Scotch,,,700,BWS,AU,20.0,True,https://bws.com.au/spirits/whisky?search=Glenfiddich+15YO,https://bws.com.au/spirits/whisky,assets/stores/bws.svg,2026-04-16 02:54 UTC,saved_live_scrape,Top 10,Verified live
8,Glenfiddich 15YO,Single Malt Scotch Whisky 700mL,Glenfiddich,Scotch,,,700,Liquorland,AU,114.27,True,https://www.liquorland.com.au/spirits/whisky?search=Glenfiddich+15YO,https://www.liquorland.com.au/spirits/whisky,assets/stores/liquorland.svg,2026-03-31,curated_seed,Top 10,Live parse failed
8,Glenfiddich 15YO,Single Malt Scotch Whisky 700mL,Glenfiddich,Scotch,,,700,First Choice,AU,110.09,True,https://www.firstchoiceliquor.com.au/spirits/whisky?search=Glenfiddich+15YO,https://www.firstchoiceliquor.com.au/spirits/whisky,assets/stores/first_choice.svg,2026-03-31,curated_seed,Top 10,Live parse failed
9,Glenfiddich 18YO,Single Malt Scotch Whisky 700mL,Glenfiddich,Scotch,,,700,Dan Murphy's,AU,30.0,True,https://www.danmurphys.com.au/whisky/all?search=Glenfiddich+18YO,https://www.danmurphys.com.au/whisky/all,assets/stores/dan_murphys.svg,2026-04-16 02:54 UTC,saved_live_scrape,Top 10,Verified live
9,Glenfiddich 18YO,Single Malt Scotch Whisky 700mL,Glenfiddich,Scotch,,,700,BWS,AU,66.0,True,https://bws.com.au/spirits/whisky?search=Glenfiddich+18YO,https://bws.com.au/spirits/whisky,assets/stores/bws.svg,2026-04-16 02:54 UTC,saved_live_scrape,Top 10,Verified live
9,Glenfiddich 18YO,Single Malt Scotch Whisky 700mL,Glenfiddich,Scotch,,,700,Liquorland,AU,150.35,True,https://www.liquorland.com.au/spirits/whisky?search=Glenfiddich+18YO,https://www.liquorland.com.au/spirits/whisky,assets/stores/liquorland.svg,2026-03-31,curated_seed,Top 10,Live parse failed
9,Glenfiddich 18YO,Single Malt Scotch Whisky 700mL,Glenfiddich,Scotch,,,700,First Choice,AU,146.45,True,https://www.firstchoiceliquor.com.au/spirits/whisky?search=Glenfiddich+18YO,https://www.firstchoiceliquor.com.au/spirits/whisky,assets/stores/first_choice.svg,2026-03-31,curated_seed,Top 10,Live parse failed
10,The Glenlivet Founder's Reserve,Single Malt Scotch Whisky 700mL,The Glenlivet,Scotch,,,700,Dan Murphy's,AU,30.0,True,https://www.danmurphys.com.au/whisky/all?search=The+Glenlivet+Founder's+Reserve,https://www.danmurphys.com.au/whisky/all,assets/stores/dan_murphys.svg,2026-04-16 02:54 UTC,saved_live_scrape,Top 10,Verified live
10,The Glenlivet Founder's Reserve,Single Malt Scotch Whisky 700mL,The Glenlivet,Scotch,,,700,BWS,AU,66.0,False,https://bws.com.au/spirits/whisky?search=The+Glenlivet+Founder's+Reserve,https://bws.com.au/spirits/whisky,assets/stores/bws.svg,2026-04-16 02:54 UTC,saved_live_scrape,Top 10,Verified live
10,The Glenlivet Founder's Reserve,Single Malt Scotch Whisky 700mL,The Glenlivet,Scotch,,,700,Liquorland,AU,78.22,True,https://www.liquorland.com.au/spirits/whisky?search=The+Glenlivet+Founder's+Reserve,https://www.liquorland.com.au/spirits/whisky,assets/stores/liquorland.svg,2026-03-31,curated_seed,Top 10,Live parse failed
10,The Glenlivet Founder's Reserve,Single Malt Scotch Whisky 700mL,The Glenlivet,Scotch,,,700,First Choice,AU,74.74,True,https://www.firstchoiceliquor.com.au/spirits/whisky?search=The+Glenlivet+Founder's+Reserve,https://www.firstchoiceliquor.com.au/spirits/whisky,assets/stores/first_choice.svg,2026-03-31,curated_seed,Top 10,Live parse failed
11,The Glenlivet 12YO,Single Malt Scotch Whisky 700mL,The Glenlivet,Scotch,,,700,Dan Murphy's,AU,30.0,True,https://www.danmurphys.com.au/whisky/all?search=The+Glenlivet+12YO,https://www.danmurphys.com.au/whisky/all,assets/stores/dan_murphys.svg,2026-04-16 02:54 UTC,saved_live_scrape,Top 25,Verified live
11,The Glenlivet 12YO,Single Malt Scotch Whisky 700mL,The Glenlivet,Scotch,,,700,BWS,AU,20.0,True,https://bws.com.au/spirits/whisky?search=The+Glenlivet+12YO,https://bws.com.au/spirits/whisky,assets/stores/bws.svg,2026-04-16 02:54 UTC,saved_live_scrape,Top 25,Verified live
11,The Glenlivet 12YO,Single Malt Scotch Whisky 700mL,The Glenlivet,Scotch,,,700,Liquorland,AU,79.37,True,https://www.liquorland.com.au/spirits/whisky?search=The+Glenlivet+12YO,https://www.liquorland.com.au/spirits/whisky,assets/stores/liquorland.svg,2026-03-31,curated_seed,Top 25,Live parse failed
11,The Glenlivet 12YO,Single Malt Scotch Whisky 700mL,The Glenlivet,Scotch,,,700,First Choice,AU,79.79,True,https://www.firstchoiceliquor.com.au/spirits/whisky?search=The+Glenlivet+12YO,https://www.firstchoiceliquor.com.au/spirits/whisky,assets/stores/first_choice.svg,2026-03-31,curated_seed,Top 25,Live parse failed
12,Monkey Shoulder,Blended Malt Scotch Whisky 700mL,Monkey Shoulder,Scotch,,,700,Dan Murphy's,AU,30.0,False,https://www.danmurphys.com.au/whisky/all?search=Monkey+Shoulder,https://www.danmurphys.com.au/whisky/all,assets/stores/dan_murphys.svg,2026-04-16 02:54 UTC,saved_live_scrape,Top 25,Verified live
12,Monkey Shoulder,Blended Malt Scotch Whisky 700mL,Monkey Shoulder,Scotch,,,700,BWS,AU,20.0,True,https://bws.com.au/spirits/whisky?search=Monkey+Shoulder,https://bws.com.au/spirits/whisky,assets/stores/bws.svg,2026-04-16 02:54 UTC,saved_live_scrape,Top 25,Verified live
12,Monkey Shoulder,Blended Malt Scotch Whisky 700mL,Monkey Shoulder,Scotch,,,700,Liquorland,AU,62.74,True,https://www.liquorland.com.au/spirits/whisky?search=Monkey+Shoulder,https://www.liquorland.com.au/spirits/whisky,assets/stores/liquorland.svg,2026-03-31,curated_seed,Top 25,Live parse failed
12,Monkey Shoulder,Blended Malt Scotch Whisky 700mL,Monkey Shoulder,Scotch,,,700,First Choice,AU,61.58,True,https://www.firstchoiceliquor.com.au/spirits/whisky?search=Monkey+Shoulder,https://www.firstchoiceliquor.com.au/spirits/whisky,assets/stores/first_choice.svg,2026-03-31,curated_seed,Top 25,Live parse failed
13,Jameson Irish Whiskey,Irish Whiskey 700mL,Jameson,Irish,,,700,Dan Murphy's,AU,30.0,True,https://www.danmurphys.com.au/whisky/all?search=Jameson+Irish+Whiskey,https://www.danmurphys.com.au/whisky/all,assets/stores/dan_murphys.svg,2026-04-16 02:54 UTC,saved_live_scrape,Top 25,Verified live
13,Jameson Irish Whiskey,Irish Whiskey 700mL,Jameson,Irish,,,700,BWS,AU,66.0,True,https://bws.com.au/spirits/whisky?search=Jameson+Irish+Whiskey,https://bws.com.au/spirits/whisky,assets/stores/bws.svg,2026-04-16 02:54 UTC,saved_live_scrape,Top 25,Verified live
13,Jameson Irish Whiskey,Irish Whiskey 700mL,Jameson,Irish,,,700,Liquorland,AU,54.56,True,https://www.liquorland.com.au/spirits/whisky?search=Jameson+Irish+Whiskey,https://www.liquorland.com.au/spirits/whisky,assets/stores/liquorland.svg,2026-03-31,curated_seed,Top 25,Live parse failed
13,Jameson Irish Whiskey,Irish Whiskey 700mL,Jameson,Irish,,,700,First Choice,AU,54.52,True,https://www.firstchoiceliquor.com.au/spirits/whisky?search=Jameson+Irish+Whiskey,https://www.firstchoiceliquor.com.au/spirits/whisky,assets/stores/first_choice.svg,2026-03-31,curated_seed,Top 25,Live parse failed
14,Jameson Black Barrel,Irish Whiskey 700mL,Jameson,Irish,,,700,Dan Murphy's,AU,30.0,True,https://www.danmurphys.com.au/whisky/all?search=Jameson+Black+Barrel,https://www.danmurphys.com.au/whisky/all,assets/stores/dan_murphys.svg,2026-04-16 02:54 UTC,saved_live_scrape,Top 25,Verified live
14,Jameson Black Barrel,Irish Whiskey 700mL,Jameson,Irish,,,700,BWS,AU,66.0,True,https://bws.com.au/spirits/whisky?search=Jameson+Black+Barrel,https://bws.com.au/spirits/whisky,assets/stores/bws.svg,2026-04-16 02:54 UTC,saved_live_scrape,Top 25,Verified live
14,Jameson Black Barrel,Irish Whiskey 700mL,Jameson,Irish,,,700,Liquorland,AU,76.25,True,https://www.liquorland.com.au/spirits/whisky?search=Jameson+Black+Barrel,https://www.liquorland.com.au/spirits/whisky,assets/stores/liquorland.svg,2026-03-31,curated_seed,Top 25,Live parse failed
14,Jameson Black Barrel,Irish Whiskey 700mL,Jameson,Irish,,,700,First Choice,AU,76.75,True,https://www.firstchoiceliquor.com.au/spirits/whisky?search=Jameson+Black+Barrel,https://www.firstchoiceliquor.com.au/spirits/whisky,assets/stores/first_choice.svg,2026-03-31,curated_seed,Top 25,Live parse failed
15,Canadian Club Original 8YO,Blended Canadian Whisky 700mL,Canadian Club,Canadian,,,700,Dan Murphy's,AU,30.0,True,https://www.danmurphys.com.au/whisky/all?search=Canadian+Club+Original+8YO,https://www.danmurphys.com.au/whisky/all,assets/stores/dan_murphys.svg,2026-04-16 02:54 UTC,saved_live_scrape,Top 25,Verified live
15,Canadian Club Original 8YO,Blended Canadian Whisky 700mL,Canadian Club,Canadian,,,700,BWS,AU,66.0,True,https://bws.com.au/spirits/whisky?search=Canadian+Club+Original+8YO,https://bws.com.au/spirits/whisky,assets/stores/bws.svg,2026-04-16 02:54 UTC,saved_live_scrape,Top 25,Verified live
15,Canadian Club Original 8YO,Blended Canadian Whisky 700mL,Canadian Club,Canadian,,,700,Liquorland,AU,48.38,True,https://www.liquorland.com.au/spirits/whisky?search=Canadian+Club+Original+8YO,https://www.liquorland.com.au/spirits/whisky,assets/stores/liquorland.svg,2026-03-31,curated_seed,Top 25,Live parse failed
15,Canadian Club Original 8YO,Blended Canadian Whisky 700mL,Canadian Club,Canadian,,,700,First Choice,AU,46.46,True,https://www.firstchoiceliquor.com.au/spirits/whisky?search=Canadian+Club+Original+8YO,https://www.firstchoiceliquor.com.au/spirits/whisky,assets/stores/first_choice.svg,2026-03-31,curated_seed,Top 25,Live parse failed
16,Canadian Club 12YO,Blended Canadian Whisky 700mL,Canadian Club,Canadian,,,700,Dan Murphy's,AU,30.0,True,https://www.danmurphys.com.au/whisky/all?search=Canadian+Club+12YO,https://www.danmurphys.com.au/whisky/all,assets/stores/dan_murphys.svg,2026-04-16 02:54 UTC,saved_live_scrape,Top 25,Verified live
16,Canadian Club 12YO,Blended Canadian Whisky 700mL,Canadian Club,Canadian,,,700,BWS,AU,20.0,True,https://bws.com.au/spirits/whisky?search=Canadian+Club+12YO,https://bws.com.au/spirits/whisky,assets/stores/bws.svg,2026-04-16 02:54 UTC,saved_live_scrape,Top 25,Verified live
16,Canadian Club 12YO,Blended Canadian Whisky 700mL,Canadian Club,Canadian,,,700,Liquorland,AU,58.74,True,https://www.liquorland.com.au/spirits/whisky?search=Canadian+Club+12YO,https://www.liquorland.com.au/spirits/whisky,assets/stores/liquorland.svg,2026-03-31,curated_seed,Top 25,Live parse failed
16,Canadian Club 12YO,Blended Canadian Whisky 700mL,Canadian Club,Canadian,,,700,First Choice,AU,57.58,True,https://www.firstchoiceliquor.com.au/spirits/whisky?search=Canadian+Club+12YO,https://www.firstchoiceliquor.com.au/spirits/whisky,assets/stores/first_choice.svg,2026-03-31,curated_seed,Top 25,Live parse failed
17,Jack Daniel's Old No. 7,Tennessee Whiskey 700mL,Jack Daniel's,American,,,700,Dan Murphy's,AU,30.0,False,https://www.danmurphys.com.au/whisky/all?search=Jack+Daniel's+Old+No.+7,https://www.danmurphys.com.au/whisky/all,assets/stores/dan_murphys.svg,2026-04-16 02:54 UTC,saved_live_scrape,Top 25,Verified live
17,Jack Daniel's Old No. 7,Tennessee Whiskey 700mL,Jack Daniel's,American,,,700,BWS,AU,20.0,True,https://bws.com.au/spirits/whisky?search=Jack+Daniel's+Old+No.+7,https://bws.com.au/spirits/whisky,assets/stores/bws.svg,2026-04-16 02:54 UTC,saved_live_scrape,Top 25,Verified live
17,Jack Daniel's Old No. 7,Tennessee Whiskey 700mL,Jack Daniel's,American,,,700,Liquorland,AU,55.62,False,https://www.liquorland.com.au/spirits/whisky?search=Jack+Daniel's+Old+No.+7,https://www.liquorland.com.au/spirits/whisky,assets/stores/liquorland.svg,2026-03-31,curated_seed,Top 25,Live parse failed
17,Jack Daniel's Old No. 7,Tennessee Whiskey 700mL,Jack Daniel's,American,,,700,First Choice,AU,55.54,True,https://www.firstchoiceliquor.com.au/spirits/whisky?search=Jack+Daniel's+Old+No.+7,https://www.firstchoiceliquor.com.au/spirits/whisky,assets/stores/first_choice.svg,2026-03-31,curated_seed,Top 25,Live parse failed
18,Jack Daniel's Gentleman Jack,Tennessee Whiskey 700mL,Jack Daniel's,American,,,700,Dan Murphy's,AU,30.0,True,https://www.danmurphys.com.au/whisky/all?search=Jack+Daniel's+Gentleman+Jack,https://www.danmurphys.com.au/whisky/all,assets/stores/dan_murphys.svg,2026-04-16 02:54 UTC,saved_live_scrape,Top 25,Verified live
18,Jack Daniel's Gentleman Jack,Tennessee Whiskey 700mL,Jack Daniel's,American,,,700,BWS,AU,66.0,True,https://bws.com.au/spirits/whisky?search=Jack+Daniel's+Gentleman+Jack,https://bws.com.au/spirits/whisky,assets/stores/bws.svg,2026-04-16 02:54 UTC,saved_live_scrape,Top 25,Verified live
18,Jack Daniel's Gentleman Jack,Tennessee Whiskey 700mL,Jack Daniel's,American,,,700,Liquorland,AU,69.98,True,https://www.liquorland.com.au/spirits/whisky?search=Jack+Daniel's+Gentleman+Jack,https://www.liquorland.com.au/spirits/whisky,assets/stores/liquorland.svg,2026-03-31,curated_seed,Top 25,Live parse failed
18,Jack Daniel's Gentleman Jack,Tennessee Whiskey 700mL,Jack Daniel's,American,,,700,First Choice,AU,69.66,True,https://www.firstchoiceliquor.com.au/spirits/whisky?search=Jack+Daniel's+Gentleman+Jack,https://www.firstchoiceliquor.com.au/spirits/whisky,assets/stores/first_choice.svg,2026-03-31,curated_seed,Top 25,Live parse failed
19,Jack Daniel's Single Barrel,Tennessee Whiskey 700mL,Jack Daniel's,American,,,700,Dan Murphy's,AU,30.0,True,https://www.danmurphys.com.au/whisky/all?search=Jack+Daniel's+Single+Barrel,https://www.danmurphys.com.au/whisky/all,assets/stores/dan_murphys.svg,2026-04-16 02:54 UTC,saved_live_scrape,Top 25,Verified live
19,Jack Daniel's Single Barrel,Tennessee Whiskey 700mL,Jack Daniel's,American,,,700,BWS,AU,20.0,True,https://bws.com.au/spirits/whisky?search=Jack+Daniel's+Single+Barrel,https://bws.com.au/spirits/whisky,assets/stores/bws.svg,2026-04-16 02:54 UTC,saved_live_scrape,Top 25,Verified live
19,Jack Daniel's Single Barrel,Tennessee Whiskey 700mL,Jack Daniel's,American,,,700,Liquorland,AU,91.64,True,https://www.liquorland.com.au/spirits/whisky?search=Jack+Daniel's+Single+Barrel,https://www.liquorland.com.au/spirits/whisky,assets/stores/liquorland.svg,2026-03-31,curated_seed,Top 25,Live parse failed
19,Jack Daniel's Single Barrel,Tennessee Whiskey 700mL,Jack Daniel's,American,,,700,First Choice,AU,89.88,True,https://www.firstchoiceliquor.com.au/spirits/whisky?search=Jack+Daniel's+Single+Barrel,https://www.firstchoiceliquor.com.au/spirits/whisky,assets/stores/first_choice.svg,2026-03-31,curated_seed,Top 25,Live parse failed
20,Jack Daniel's Tennessee Apple,Flavoured Whiskey 700mL,Jack Daniel's,American,,,700,Dan Murphy's,AU,30.0,True,https://www.danmurphys.com.au/whisky/all?search=Jack+Daniel's+Tennessee+Apple,https://www.danmurphys.com.au/whisky/all,assets/stores/dan_murphys.svg,2026-04-16 02:54 UTC,saved_live_scrape,Top 25,Verified live
20,Jack Daniel's Tennessee Apple,Flavoured Whiskey 700mL,Jack Daniel's,American,,,700,BWS,AU,20.0,False,https://bws.com.au/spirits/whisky?search=Jack+Daniel's+Tennessee+Apple,https://bws.com.au/spirits/whisky,assets/stores/bws.svg,2026-04-16 02:54 UTC,saved_live_scrape,Top 25,Verified live
20,Jack Daniel's Tennessee Apple,Flavoured Whiskey 700mL,Jack Daniel's,American,,,700,Liquorland,AU,55.65,True,https://www.liquorland.com.au/spirits/whisky?search=Jack+Daniel's+Tennessee+Apple,https://www.liquorland.com.au/spirits/whisky,assets/stores/liquorland.svg,2026-03-31,curated_seed,Top 25,Live parse failed
20,Jack Daniel's Tennessee Apple,Flavoured Whiskey 700mL,Jack Daniel's,American,,,700,First Choice,AU,53.55,True,https://www.firstchoiceliquor.com.au/spirits/whisky?search=Jack+Daniel's+Tennessee+Apple,https://www.firstchoiceliquor.com.au/spirits/whisky,assets/stores/first_choice.svg,2026-03-31,curated_seed,Top 25,Live parse failed
21,Jim Beam White Label,Bourbon Whiskey 700mL,Jim Beam,American,,,700,Dan Murphy's,AU,30.0,True,https://www.danmurphys.com.au/whisky/all?search=Jim+Beam+White+Label,https://www.danmurphys.com.au/whisky/all,assets/stores/dan_murphys.svg,2026-04-16 02:54 UTC,saved_live_scrape,Top 25,Verified live
21,Jim Beam White Label,Bourbon Whiskey 700mL,Jim Beam,American,,,700,BWS,AU,20.0,True,https://bws.com.au/spirits/whisky?search=Jim+Beam+White+Label,https://bws.com.au/spirits/whisky,assets/stores/bws.svg,2026-04-16 02:54 UTC,saved_live_scrape,Top 25,Verified live
21,Jim Beam White Label,Bourbon Whiskey 700mL,Jim Beam,American,,,700,Liquorland,AU,44.35,True,https://www.liquorland.com.au/spirits/whisky?search=Jim+Beam+White+Label,https://www.liquorland.com.au/spirits/whisky,assets/stores/liquorland.svg,2026-03-31,curated_seed,Top 25,Live parse failed
21,Jim Beam White Label,Bourbon Whiskey 700mL,Jim Beam,American,,,700,First Choice,AU,47.45,False,https://www.firstchoiceliquor.com.au/spirits/whisky?search=Jim+Beam+White+Label,https://www.firstchoiceliquor.com.au/spirits/whisky,assets/stores/first_choice.svg,2026-03-31,curated_seed,Top 25,Live parse failed
22,Jim Beam Black,Bourbon Whiskey 700mL,Jim Beam,American,,,700,Dan Murphy's,AU,30.0,True,https://www.danmurphys.com.au/whisky/all?search=Jim+Beam+Black,https://www.danmurphys.com.au/whisky/all,assets/stores/dan_murphys.svg,2026-04-16 02:54 UTC,saved_live_scrape,Top 25,Verified live
22,Jim Beam Black,Bourbon Whiskey 700mL,Jim Beam,American,,,700,BWS,AU,66.0,True,https://bws.com.au/spirits/whisky?search=Jim+Beam+Black,https://bws.com.au/spirits/whisky,assets/stores/bws.svg,2026-04-16 02:54 UTC,saved_live_scrape,Top 25,Verified live
22,Jim Beam Black,Bourbon Whiskey 700mL,Jim Beam,American,,,700,Liquorland,AU,53.56,True,https://www.liquorland.com.au/spirits/whisky?search=Jim+Beam+Black,https://www.liquorland.com.au/spirits/whisky,assets/stores/liquorland.svg,2026-03-31,curated_seed,Top 25,Live parse failed
22,Jim Beam Black,Bourbon Whiskey 700mL,Jim Beam,American,,,700,First Choice,AU,53.52,True,https://www.firstchoiceliquor.com.au/spirits/whisky?search=Jim+Beam+Black,https://www.firstchoiceliquor.com.au/spirits/whisky,assets/stores/first_choice.svg,2026-03-31,curated_seed,Top 25,Live parse failed
23,Maker's Mark,Kentucky Straight Bourbon 700mL,Maker's Mark,American,,,700,Dan Murphy's,AU,30.0,True,https://www.danmurphys.com.au/whisky/all?search=Maker's+Mark,https://www.danmurphys.com.au/whisky/all,assets/stores/dan_murphys.svg,2026-04-16 02:54 UTC,saved_live_scrape,Top 25,Verified live
23,Maker's Mark,Kentucky Straight Bourbon 700mL,Maker's Mark,American,,,700,BWS,AU,66.0,True,https://bws.com.au/spirits/whisky?search=Maker's+Mark,https://bws.com.au/spirits/whisky,assets/stores/bws.svg,2026-04-16 02:54 UTC,saved_live_scrape,Top 25,Verified live
23,Maker's Mark,Kentucky Straight Bourbon 700mL,Maker's Mark,American,,,700,Liquorland,AU,63.86,True,https://www.liquorland.com.au/spirits/whisky?search=Maker's+Mark,https://www.liquorland.com.au/spirits/whisky,assets/stores/liquorland.svg,2026-03-31,curated_seed,Top 25,Live parse failed
23,Maker's Mark,Kentucky Straight Bourbon 700mL,Maker's Mark,American,,,700,First Choice,AU,60.62,True,https://www.firstchoiceliquor.com.au/spirits/whisky?search=Maker's+Mark,https://www.firstchoiceliquor.com.au/spirits/whisky,assets/stores/first_choice.svg,2026-03-31,curated_seed,Top 25,Live parse failed
24,Wild Turkey 101,Kentucky Straight Bourbon 700mL,Wild Turkey,American,,,700,Dan Murphy's,AU,30.0,True,https://www.danmurphys.com.au/whisky/all?search=Wild+Turkey+101,https://www.danmurphys.com.au/whisky/all,assets/stores/dan_murphys.svg,2026-04-16 02:54 UTC,saved_live_scrape,Top 25,Verified live
24,Wild Turkey 101,Kentucky Straight Bourbon 700mL,Wild Turkey,American,,,700,BWS,AU,20.0,True,https://bws.com.au/spirits/whisky?search=Wild+Turkey+101,https://bws.com.au/spirits/whisky,assets/stores/bws.svg,2026-04-16 02:54 UTC,saved_live_scrape,Top 25,Verified live
24,Wild Turkey 101,Kentucky Straight Bourbon 700mL,Wild Turkey,American,,,700,Liquorland,AU,59.8,True,https://www.liquorland.com.au/spirits/whisky?search=Wild+Turkey+101,https://www.liquorland.com.au/spirits/whisky,assets/stores/liquorland.svg,2026-03-31,curated_seed,Top 25,Live parse failed
24,Wild Turkey 101,Kentucky Straight Bourbon 700mL,Wild Turkey,American,,,700,First Choice,AU,62.6,True,https://www.firstchoiceliquor.com.au/spirits/whisky?search=Wild+Turkey+101,https://www.firstchoiceliquor.com.au/spirits/whisky,assets/stores/first_choice.svg,2026-03-31,curated_seed,Top 25,Live parse failed
25,Buffalo Trace,Kentucky Straight Bourbon 700mL,Buffalo Trace,American,,,700,Dan Murphy's,AU,30.0,True,https://www.danmurphys.com.au/whisky/all?search=Buffalo+Trace,https://www.danmurphys.com.au/whisky/all,assets/stores/dan_murphys.svg,2026-04-16 02:54 UTC,saved_live_scrape,Top 25,Verified live
25,Buffalo Trace,Kentucky Straight Bourbon 700mL,Buffalo Trace,American,,,700,BWS,AU,66.0,True,https://bws.com.au/spirits/whisky?search=Buffalo+Trace,https://bws.com.au/spirits/whisky,assets/stores/bws.svg,2026-04-16 02:54 UTC,saved_live_scrape,Top 25,Verified live
25,Buffalo Trace,Kentucky Straight Bourbon 700mL,Buffalo Trace,American,,,700,Liquorland,AU,65.92,True,https://www.liquorland.com.au/spirits/whisky?search=Buffalo+Trace,https://www.liquorland.com.au/spirits/whisky,assets/stores/liquorland.svg,2026-03-31,curated_seed,Top 25,Live parse failed
25,Buffalo Trace,Kentucky Straight Bourbon 700mL,Buffalo Trace,American,,,700,First Choice,AU,62.64,True,https://www.firstchoiceliquor.com.au/spirits/whisky?search=Buffalo+Trace,https://www.firstchoiceliquor.com.au/spirits/whisky,assets/stores/first_choice.svg,2026-03-31,curated_seed,Top 25,Live parse failed
26,Woodford Reserve,Kentucky Straight Bourbon 700mL,Woodford Reserve,American,,,700,Dan Murphy's,AU,30.0,True,https://www.danmurphys.com.au/whisky/all?search=Woodford+Reserve,https://www.danmurphys.com.au/whisky/all,assets/stores/dan_murphys.svg,2026-04-16 02:54 UTC,saved_live_scrape,Top 50,Verified live
26,Woodford Reserve,Kentucky Straight Bourbon 700mL,Woodford Reserve,American,,,700,BWS,AU,20.0,True,https://bws.com.au/spirits/whisky?search=Woodford+Reserve,https://bws.com.au/spirits/whisky,assets/stores/bws.svg,2026-04-16 02:54 UTC,saved_live_scrape,Top 50,Verified live
26,Woodford Reserve,Kentucky Straight Bourbon 700mL,Woodford Reserve,American,,,700,Liquorland,AU,73.16,True,https://www.liquorland.com.au/spirits/whisky?search=Woodford+Reserve,https://www.liquorland.com.au/spirits/whisky,assets/stores/liquorland.svg,2026-03-31,curated_seed,Top 50,Live parse failed
26,Woodford Reserve,Kentucky Straight Bourbon 700mL,Woodford Reserve,American,,,700,First Choice,AU,74.72,True,https://www.firstchoiceliquor.com.au/spirits/whisky?search=Woodford+Reserve,https://www.firstchoiceliquor.com.au/spirits/whisky,assets/stores/first_choice.svg,2026-03-31,curated_seed,Top 50,Live parse failed
27,Bulleit Bourbon,Kentucky Straight Bourbon 700mL,Bulleit,American,,,700,Dan Murphy's,AU,30.0,True,https://www.danmurphys.com.au/whisky/all?search=Bulleit+Bourbon,https://www.danmurphys.com.au/whisky/all,assets/stores/dan_murphys.svg,2026-04-16 02:54 UTC,saved_live_scrape,Top 50,Verified live
27,Bulleit Bourbon,Kentucky Straight Bourbon 700mL,Bulleit,American,,,700,BWS,AU,66.0,True,https://bws.com.au/spirits/whisky?search=Bulleit+Bourbon,https://bws.com.au/spirits/whisky,assets/stores/bws.svg,2026-04-16 02:54 UTC,saved_live_scrape,Top 50,Verified live
27,Bulleit Bourbon,Kentucky Straight Bourbon 700mL,Bulleit,American,,,700,Liquorland,AU,63.83,True,https://www.liquorland.com.au/spirits/whisky?search=Bulleit+Bourbon,https://www.liquorland.com.au/spirits/whisky,assets/stores/liquorland.svg,2026-03-31,curated_seed,Top 50,Live parse failed
27,Bulleit Bourbon,Kentucky Straight Bourbon 700mL,Bulleit,American,,,700,First Choice,AU,60.61,True,https://www.firstchoiceliquor.com.au/spirits/whisky?search=Bulleit+Bourbon,https://www.firstchoiceliquor.com.au/spirits/whisky,assets/stores/first_choice.svg,2026-03-31,curated_seed,Top 50,Live parse failed
28,Dewar's 12YO,Blended Scotch Whisky 700mL,Dewar's,Scotch,,,700,Dan Murphy's,AU,30.0,True,https://www.danmurphys.com.au/whisky/all?search=Dewar's+12YO,https://www.danmurphys.com.au/whisky/all,assets/stores/dan_murphys.svg,2026-04-16 02:54 UTC,saved_live_scrape,Top 50,Verified live
28,Dewar's 12YO,Blended Scotch Whisky 700mL,Dewar's,Scotch,,,700,BWS,AU,66.0,True,https://bws.com.au/spirits/whisky?search=Dewar's+12YO,https://bws.com.au/spirits/whisky,assets/stores/bws.svg,2026-04-16 02:54 UTC,saved_live_scrape,Top 50,Verified live
28,Dewar's 12YO,Blended Scotch Whisky 700mL,Dewar's,Scotch,,,700,Liquorland,AU,51.5,True,https://www.liquorland.com.au/spirits/whisky?search=Dewar's+12YO,https://www.liquorland.com.au/spirits/whisky,assets/stores/liquorland.svg,2026-03-31,curated_seed,Top 50,Live parse failed
28,Dewar's 12YO,Blended Scotch Whisky 700mL,Dewar's,Scotch,,,700,First Choice,AU,49.5,True,https://www.firstchoiceliquor.com.au/spirits/whisky?search=Dewar's+12YO,https://www.firstchoiceliquor.com.au/spirits/whisky,assets/stores/first_choice.svg,2026-03-31,curated_seed,Top 50,Live parse failed
29,Dewar's White Label,Blended Scotch Whisky 700mL,Dewar's,Scotch,,,700,Dan Murphy's,AU,30.0,True,https://www.danmurphys.com.au/whisky/all?search=Dewar's+White+Label,https://www.danmurphys.com.au/whisky/all,assets/stores/dan_murphys.svg,2026-04-16 02:54 UTC,saved_live_scrape,Top 50,Verified live
29,Dewar's White Label,Blended Scotch Whisky 700mL,Dewar's,Scotch,,,700,BWS,AU,66.0,True,https://bws.com.au/spirits/whisky?search=Dewar's+White+Label,https://bws.com.au/spirits/whisky,assets/stores/bws.svg,2026-04-16 02:54 UTC,saved_live_scrape,Top 50,Verified live
29,Dewar's White Label,Blended Scotch Whisky 700mL,Dewar's,Scotch,,,700,Liquorland,AU,44.29,True,https://www.liquorland.com.au/spirits/whisky?search=Dewar's+White+Label,https://www.liquorland.com.au/spirits/whisky,assets/stores/liquorland.svg,2026-03-31,curated_seed,Top 50,Live parse failed
29,Dewar's White Label,Blended Scotch Whisky 700mL,Dewar's,Scotch,,,700,First Choice,AU,41.43,True,https://www.firstchoiceliquor.com.au/spirits/whisky?search=Dewar's+White+Label,https://www.firstchoiceliquor.com.au/spirits/whisky,assets/stores/first_choice.svg,2026-03-31,curated_seed,Top 50,Live parse failed
30,Ballantine's Finest,Blended Scotch Whisky 700mL,Ballantine's,Scotch,,,700,Dan Murphy's,AU,30.0,True,https://www.danmurphys.com.au/whisky/all?search=Ballantine's+Finest,https://www.danmurphys.com.au/whisky/all,assets/stores/dan_murphys.svg,2026-04-16 02:54 UTC,saved_live_scrape,Top 50,Verified live
30,Ballantine's Finest,Blended Scotch Whisky 700mL,Ballantine's,Scotch,,,700,BWS,AU,20.0,True,https://bws.com.au/spirits/whisky?search=Ballantine's+Finest,https://bws.com.au/spirits/whisky,assets/stores/bws.svg,2026-04-16 02:54 UTC,saved_live_scrape,Top 50,Verified live
30,Ballantine's Finest,Blended Scotch Whisky 700mL,Ballantine's,Scotch,,,700,Liquorland,AU,45.26,True,https://www.liquorland.com.au/spirits/whisky?search=Ballantine's+Finest,https://www.liquorland.com.au/spirits/whisky,assets/stores/liquorland.svg,2026-03-31,curated_seed,Top 50,Live parse failed
30,Ballantine's Finest,Blended Scotch Whisky 700mL,Ballantine's,Scotch,,,700,First Choice,AU,43.42,True,https://www.firstchoiceliquor.com.au/spirits/whisky?search=Ballantine's+Finest,https://www.firstchoiceliquor.com.au/spirits/whisky,assets/stores/first_choice.svg,2026-03-31,curated_seed,Top 50,Live parse failed
31,Dimple 12YO,Blended Scotch Whisky 700mL,Dimple,Scotch,,,700,Dan Murphy's,AU,30.0,True,https://www.danmurphys.com.au/whisky/all?search=Dimple+12YO,https://www.danmurphys.com.au/whisky/all,assets/stores/dan_murphys.svg,2026-04-16 02:54 UTC,saved_live_scrape,Top 50,Verified live
31,Dimple 12YO,Blended Scotch Whisky 700mL,Dimple,Scotch,,,700,BWS,AU,20.0,True,https://bws.com.au/spirits/whisky?search=Dimple+12YO,https://bws.com.au/spirits/whisky,assets/stores/bws.svg,2026-04-16 02:54 UTC,saved_live_scrape,Top 50,Verified live
31,Dimple 12YO,Blended Scotch Whisky 700mL,Dimple,Scotch,,,700,Liquorland,AU,56.71,True,https://www.liquorland.com.au/spirits/whisky?search=Dimple+12YO,https://www.liquorland.com.au/spirits/whisky,assets/stores/liquorland.svg,2026-03-31,curated_seed,Top 50,Live parse failed
31,Dimple 12YO,Blended Scotch Whisky 700mL,Dimple,Scotch,,,700,First Choice,AU,60.57,True,https://www.firstchoiceliquor.com.au/spirits/whisky?search=Dimple+12YO,https://www.firstchoiceliquor.com.au/spirits/whisky,assets/stores/first_choice.svg,2026-03-31,curated_seed,Top 50,Live parse failed
32,J&B Rare,Blended Scotch Whisky 700mL,J&B,Scotch,,,700,Dan Murphy's,AU,30.0,True,https://www.danmurphys.com.au/whisky/all?search=J&B+Rare,https://www.danmurphys.com.au/whisky/all,assets/stores/dan_murphys.svg,2026-04-16 02:54 UTC,saved_live_scrape,Top 50,Verified live
32,J&B Rare,Blended Scotch Whisky 700mL,J&B,Scotch,,,700,BWS,AU,66.0,True,https://bws.com.au/spirits/whisky?search=J&B+Rare,https://bws.com.au/spirits/whisky,assets/stores/bws.svg,2026-04-16 02:54 UTC,saved_live_scrape,Top 50,Verified live
32,J&B Rare,Blended Scotch Whisky 700mL,J&B,Scotch,,,700,Liquorland,AU,42.23,True,https://www.liquorland.com.au/spirits/whisky?search=J&B+Rare,https://www.liquorland.com.au/spirits/whisky,assets/stores/liquorland.svg,2026-03-31,curated_seed,Top 50,Live parse failed
32,J&B Rare,Blended Scotch Whisky 700mL,J&B,Scotch,,,700,First Choice,AU,44.41,True,https://www.firstchoiceliquor.com.au/spirits/whisky?search=J&B+Rare,https://www.firstchoiceliquor.com.au/spirits/whisky,assets/stores/first_choice.svg,2026-03-31,curated_seed,Top 50,Live parse failed
33,Grant's Triple Wood,Blended Scotch Whisky 700mL,Grant's,Scotch,,,700,Dan Murphy's,AU,30.0,True,https://www.danmurphys.com.au/whisky/all?search=Grant's+Triple+Wood,https://www.danmurphys.com.au/whisky/all,assets/stores/dan_murphys.svg,2026-04-16 02:54 UTC,saved_live_scrape,Top 50,Verified live
33,Grant's Triple Wood,Blended Scotch Whisky 700mL,Grant's,Scotch,,,700,BWS,AU,66.0,True,https://bws.com.au/spirits/whisky?search=Grant's+Triple+Wood,https://bws.com.au/spirits/whisky,assets/stores/bws.svg,2026-04-16 02:54 UTC,saved_live_scrape,Top 50,Verified live
33,Grant's Triple Wood,Blended Scotch Whisky 700mL,Grant's,Scotch,,,700,Liquorland,AU,40.2,True,https://www.liquorland.com.au/spirits/whisky?search=Grant's+Triple+Wood,https://www.liquorland.com.au/spirits/whisky,assets/stores/liquorland.svg,2026-03-31,curated_seed,Top 50,Live parse failed
33,Grant's Triple Wood,Blended Scotch Whisky 700mL,Grant's,Scotch,,,700,First Choice,AU,38.4,True,https://www.firstchoiceliquor.com.au/spirits/whisky?search=Grant's+Triple+Wood,https://www.firstchoiceliquor.com.au/spirits/whisky,assets/stores/first_choice.svg,2026-03-31,curated_seed,Top 50,Live parse failed
34,Glenmorangie Original 10YO,Single Malt Scotch Whisky 700mL,Glenmorangie,Scotch,,,700,Dan Murphy's,AU,30.0,True,https://www.danmurphys.com.au/whisky/all?search=Glenmorangie+Original+10YO,https://www.danmurphys.com.au/whisky/all,assets/stores/dan_murphys.svg,2026-04-16 02:54 UTC,saved_live_scrape,Top 50,Verified live
34,Glenmorangie Original 10YO,Single Malt Scotch Whisky 700mL,Glenmorangie,Scotch,,,700,BWS,AU,66.0,True,https://bws.com.au/spirits/whisky?search=Glenmorangie+Original+10YO,https://bws.com.au/spirits/whisky,assets/stores/bws.svg,2026-04-16 02:54 UTC,saved_live_scrape,Top 50,Verified live
34,Glenmorangie Original 10YO,Single Malt Scotch Whisky 700mL,Glenmorangie,Scotch,,,700,Liquorland,AU,86.46,True,https://www.liquorland.com.au/spirits/whisky?search=Glenmorangie+Original+10YO,https://www.liquorland.com.au/spirits/whisky,assets/stores/liquorland.svg,2026-03-31,curated_seed,Top 50,Live parse failed
34,Glenmorangie Original 10YO,Single Malt Scotch Whisky 700mL,Glenmorangie,Scotch,,,700,First Choice,AU,85.82,True,https://www.firstchoiceliquor.com.au/spirits/whisky?search=Glenmorangie+Original+10YO,https://www.firstchoiceliquor.com.au/spirits/whisky,assets/stores/first_choice.svg,2026-03-31,curated_seed,Top 50,Live parse failed
35,Talisker 10YO,Single Malt Scotch Whisky 700mL,Talisker,Scotch,,,700,Dan Murphy's,AU,30.0,True,https://www.danmurphys.com.au/whisky/all?search=Talisker+10YO,https://www.danmurphys.com.au/whisky/all,assets/stores/dan_murphys.svg,2026-04-16 02:54 UTC,saved_live_scrape,Top 50,Verified live
35,Talisker 10YO,Single Malt Scotch Whisky 700mL,Talisker,Scotch,,,700,BWS,AU,20.0,False,https://bws.com.au/spirits/whisky?search=Talisker+10YO,https://bws.com.au/spirits/whisky,assets/stores/bws.svg,2026-04-16 02:54 UTC,saved_live_scrape,Top 50,Verified live
35,Talisker 10YO,Single Malt Scotch Whisky 700mL,Talisker,Scotch,,,700,Liquorland,AU,99.82,True,https://www.liquorland.com.au/spirits/whisky?search=Talisker+10YO,https://www.liquorland.com.au/spirits/whisky,assets/stores/liquorland.svg,2026-03-31,curated_seed,Top 50,Live parse failed
35,Talisker 10YO,Single Malt Scotch Whisky 700mL,Talisker,Scotch,,,700,First Choice,AU,96.94,True,https://www.firstchoiceliquor.com.au/spirits/whisky?search=Talisker+10YO,https://www.firstchoiceliquor.com.au/spirits/whisky,assets/stores/first_choice.svg,2026-03-31,curated_seed,Top 50,Live parse failed
36,Laphroaig 10YO,Single Malt Scotch Whisky 700mL,Laphroaig,Scotch,,,700,Dan Murphy's,AU,30.0,True,https://www.danmurphys.com.au/whisky/all?search=Laphroaig+10YO,https://www.danmurphys.com.au/whisky/all,assets/stores/dan_murphys.svg,2026-04-16 02:54 UTC,saved_live_scrape,Top 50,Verified live
36,Laphroaig 10YO,Single Malt Scotch Whisky 700mL,Laphroaig,Scotch,,,700,BWS,AU,20.0,True,https://bws.com.au/spirits/whisky?search=Laphroaig+10YO,https://bws.com.au/spirits/whisky,assets/stores/bws.svg,2026-04-16 02:54 UTC,saved_live_scrape,Top 50,Verified live
36,Laphroaig 10YO,Single Malt Scotch Whisky 700mL,Laphroaig,Scotch,,,700,Liquorland,AU,97.88,False,https://www.liquorland.com.au/spirits/whisky?search=Laphroaig+10YO,https://www.liquorland.com.au/spirits/whisky,assets/stores/liquorland.svg,2026-03-31,curated_seed,Top 50,Live parse failed
36,Laphroaig 10YO,Single Malt Scotch Whisky 700mL,Laphroaig,Scotch,,,700,First Choice,AU,95.96,True,https://www.firstchoiceliquor.com.au/spirits/whisky?search=Laphroaig+10YO,https://www.firstchoiceliquor.com.au/spirits/whisky,assets/stores/first_choice.svg,2026-03-31,curated_seed,Top 50,Live parse failed
37,The Balvenie DoubleWood 12YO,Single Malt Scotch Whisky 700mL,The Balvenie,Scotch,,,700,Dan Murphy's,AU,30.0,True,https://www.danmurphys.com.au/whisky/all?search=The+Balvenie+DoubleWood+12YO,https://www.danmurphys.com.au/whisky/all,assets/stores/dan_murphys.svg,2026-04-16 02:54 UTC,saved_live_scrape,Top 50,Verified live
37,The Balvenie DoubleWood 12YO,Single Malt Scotch Whisky 700mL,The Balvenie,Scotch,,,700,BWS,AU,20.0,True,https://bws.com.au/spirits/whisky?search=The+Balvenie+DoubleWood+12YO,https://bws.com.au/spirits/whisky,assets/stores/bws.svg,2026-04-16 02:54 UTC,saved_live_scrape,Top 50,Verified live
37,The Balvenie DoubleWood 12YO,Single Malt Scotch Whisky 700mL,The Balvenie,Scotch,,,700,Liquorland,AU,119.45,True,https://www.liquorland.com.au/spirits/whisky?search=The+Balvenie+DoubleWood+12YO,https://www.liquorland.com.au/spirits/whisky,assets/stores/liquorland.svg,2026-03-31,curated_seed,Top 50,Live parse failed
37,The Balvenie DoubleWood 12YO,Single Malt Scotch Whisky 700mL,The Balvenie,Scotch,,,700,First Choice,AU,114.15,True,https://www.firstchoiceliquor.com.au/spirits/whisky?search=The+Balvenie+DoubleWood+12YO,https://www.firstchoiceliquor.com.au/spirits/whisky,assets/stores/first_choice.svg,2026-03-31,curated_seed,Top 50,Live parse failed
38,The Macallan 12 Double Cask,Single Malt Scotch Whisky 700mL,The Macallan,Scotch,,,700,Dan Murphy's,AU,30.0,True,https://www.danmurphys.com.au/whisky/all?search=The+Macallan+12+Double+Cask,https://www.danmurphys.com.au/whisky/all,assets/stores/dan_murphys.svg,2026-04-16 02:54 UTC,saved_live_scrape,Top 50,Verified live
38,The Macallan 12 Double Cask,Single Malt Scotch Whisky 700mL,The Macallan,Scotch,,,700,BWS,AU,66.0,True,https://bws.com.au/spirits/whisky?search=The+Macallan+12+Double+Cask,https://bws.com.au/spirits/whisky,assets/stores/bws.svg,2026-04-16 02:54 UTC,saved_live_scrape,Top 50,Verified live
38,The Macallan 12 Double Cask,Single Malt Scotch Whisky 700mL,The Macallan,Scotch,,,700,Liquorland,AU,145.17,True,https://www.liquorland.com.au/spirits/whisky?search=The+Macallan+12+Double+Cask,https://www.liquorland.com.au/spirits/whisky,assets/stores/liquorland.svg,2026-03-31,curated_seed,Top 50,Live parse failed
38,The Macallan 12 Double Cask,Single Malt Scotch Whisky 700mL,The Macallan,Scotch,,,700,First Choice,AU,142.39,True,https://www.firstchoiceliquor.com.au/spirits/whisky?search=The+Macallan+12+Double+Cask,https://www.firstchoiceliquor.com.au/spirits/whisky,assets/stores/first_choice.svg,2026-03-31,curated_seed,Top 50,Live parse failed
39,The Macallan 12 Sherry Oak,Single Malt Scotch Whisky 700mL,The Macallan,Scotch,,,700,Dan Murphy's,AU,30.0,True,https://www.danmurphys.com.au/whisky/all?search=The+Macallan+12+Sherry+Oak,https://www.danmurphys.com.au/whisky/all,assets/stores/dan_murphys.svg,2026-04-16 02:54 UTC,saved_live_scrape,Top 50,Verified live
39,The Macallan 12 Sherry Oak,Single Malt Scotch Whisky 700mL,The Macallan,Scotch,,,700,BWS,AU,20.0,True,https://bws.com.au/spirits/whisky?search=The+Macallan+12+Sherry+Oak,https://bws.com.au/spirits/whisky,assets/stores/bws.svg,2026-04-16 02:54 UTC,saved_live_scrape,Top 50,Verified live
39,The Macallan 12 Sherry Oak,Single Malt Scotch Whisky 700mL,The Macallan,Scotch,,,700,Liquorland,AU,168.95,True,https://www.liquorland.com.au/spirits/whisky?search=The+Macallan+12+Sherry+Oak,https://www.liquorland.com.au/spirits/whisky,assets/stores/liquorland.svg,2026-03-31,curated_seed,Top 50,Live parse failed
39,The Macallan 12 Sherry Oak,Single Malt Scotch Whisky 700mL,The Macallan,Scotch,,,700,First Choice,AU,165.65,True,https://www.firstchoiceliquor.com.au/spirits/whisky?search=The+Macallan+12+Sherry+Oak,https://www.firstchoiceliquor.com.au/spirits/whisky,assets/stores/first_choice.svg,2026-03-31,curated_seed,Top 50,Live parse failed
40,Nikka From The Barrel,Japanese Whisky 500mL,Nikka,Japanese,,,500,Dan Murphy's,AU,30.0,True,https://www.danmurphys.com.au/whisky/all?search=Nikka+From+The+Barrel,https://www.danmurphys.com.au/whisky/all,assets/stores/dan_murphys.svg,2026-04-16 02:54 UTC,saved_live_scrape,Top 50,Verified live
40,Nikka From The Barrel,Japanese Whisky 500mL,Nikka,Japanese,,,500,BWS,AU,66.0,True,https://bws.com.au/spirits/whisky?search=Nikka+From+The+Barrel,https://bws.com.au/spirits/whisky,assets/stores/bws.svg,2026-04-16 02:54 UTC,saved_live_scrape,Top 50,Verified live
40,Nikka From The Barrel,Japanese Whisky 500mL,Nikka,Japanese,,,500,Liquorland,AU,80.49,True,https://www.liquorland.com.au/spirits/whisky?search=Nikka+From+The+Barrel,https://www.liquorland.com.au/spirits/whisky,assets/stores/liquorland.svg,2026-03-31,curated_seed,Top 50,Live parse failed
40,Nikka From The Barrel,Japanese Whisky 500mL,Nikka,Japanese,,,500,First Choice,AU,80.83,True,https://www.firstchoiceliquor.com.au/spirits/whisky?search=Nikka+From+The+Barrel,https://www.firstchoiceliquor.com.au/spirits/whisky,assets/stores/first_choice.svg,2026-03-31,curated_seed,Top 50,Live parse failed
41,Suntory Toki,Japanese Whisky 700mL,Suntory,Japanese,,,700,Dan Murphy's,AU,30.0,True,https://www.danmurphys.com.au/whisky/all?search=Suntory+Toki,https://www.danmurphys.com.au/whisky/all,assets/stores/dan_murphys.svg,2026-04-16 02:54 UTC,saved_live_scrape,Top 50,Verified live
41,Suntory Toki,Japanese Whisky 700mL,Suntory,Japanese,,,700,BWS,AU,66.0,True,https://bws.com.au/spirits/whisky?search=Suntory+Toki,https://bws.com.au/spirits/whisky,assets/stores/bws.svg,2026-04-16 02:54 UTC,saved_live_scrape,Top 50,Verified live
41,Suntory Toki,Japanese Whisky 700mL,Suntory,Japanese,,,700,Liquorland,AU,71.07,False,https://www.liquorland.com.au/spirits/whisky?search=Suntory+Toki,https://www.liquorland.com.au/spirits/whisky,assets/stores/liquorland.svg,2026-03-31,curated_seed,Top 50,Live parse failed
41,Suntory Toki,Japanese Whisky 700mL,Suntory,Japanese,,,700,First Choice,AU,67.69,True,https://www.firstchoiceliquor.com.au/spirits/whisky?search=Suntory+Toki,https://www.firstchoiceliquor.com.au/spirits/whisky,assets/stores/first_choice.svg,2026-03-31,curated_seed,Top 50,Live parse failed
42,Hibiki Japanese Harmony,Japanese Whisky 700mL,Hibiki,Japanese,,,700,Dan Murphy's,AU,30.0,False,https://www.danmurphys.com.au/whisky/all?search=Hibiki+Japanese+Harmony,https://www.danmurphys.com.au/whisky/all,assets/stores/dan_murphys.svg,2026-04-16 02:54 UTC,saved_live_scrape,Top 50,Verified live
42,Hibiki Japanese Harmony,Japanese Whisky 700mL,Hibiki,Japanese,,,700,BWS,AU,20.0,True,https://bws.com.au/spirits/whisky?search=Hibiki+Japanese+Harmony,https://bws.com.au/spirits/whisky,assets/stores/bws.svg,2026-04-16 02:54 UTC,saved_live_scrape,Top 50,Verified live
42,Hibiki Japanese Harmony,Japanese Whisky 700mL,Hibiki,Japanese,,,700,Liquorland,AU,171.95,True,https://www.liquorland.com.au/spirits/whisky?search=Hibiki+Japanese+Harmony,https://www.liquorland.com.au/spirits/whisky,assets/stores/liquorland.svg,2026-03-31,curated_seed,Top 50,Live parse failed
42,Hibiki Japanese Harmony,Japanese Whisky 700mL,Hibiki,Japanese,,,700,First Choice,AU,168.65,True,https://www.firstchoiceliquor.com.au/spirits/whisky?search=Hibiki+Japanese+Harmony,https://www.firstchoiceliquor.com.au/spirits/whisky,assets/stores/first_choice.svg,2026-03-31,curated_seed,Top 50,Live parse failed
43,Starward Two-Fold,Australian Whisky 700mL,Starward,Australian,,,700,Dan Murphy's,AU,30.0,True,https://www.danmurphys.com.au/whisky/all?search=Starward+Two-Fold,https://www.danmurphys.com.au/whisky/all,assets/stores/dan_murphys.svg,2026-04-16 02:54 UTC,saved_live_scrape,Top 50,Verified live
43,Starward Two-Fold,Australian Whisky 700mL,Starward,Australian,,,700,BWS,AU,20.0,True,https://bws.com.au/spirits/whisky?search=Starward+Two-Fold,https://bws.com.au/spirits/whisky,assets/stores/bws.svg,2026-04-16 02:54 UTC,saved_live_scrape,Top 50,Verified live
43,Starward Two-Fold,Australian Whisky 700mL,Starward,Australian,,,700,Liquorland,AU,81.34,True,https://www.liquorland.com.au/spirits/whisky?search=Starward+Two-Fold,https://www.liquorland.com.au/spirits/whisky,assets/stores/liquorland.svg,2026-03-31,curated_seed,Top 50,Live parse failed
43,Starward Two-Fold,Australian Whisky 700mL,Starward,Australian,,,700,First Choice,AU,77.78,True,https://www.firstchoiceliquor.com.au/spirits/whisky?search=Starward+Two-Fold,https://www.firstchoiceliquor.com.au/spirits/whisky,assets/stores/first_choice.svg,2026-03-31,curated_seed,Top 50,Live parse failed
44,Starward Nova,Australian Whisky 700mL,Starward,Australian,,,700,Dan Murphy's,AU,30.0,True,https://www.danmurphys.com.au/whisky/all?search=Starward+Nova,https://www.danmurphys.com.au/whisky/all,assets/stores/dan_murphys.svg,2026-04-16 02:54 UTC,saved_live_scrape,Top 50,Verified live
44,Starward Nova,Australian Whisky 700mL,Starward,Australian,,,700,BWS,AU,20.0,True,https://bws.com.au/spirits/whisky?search=Starward+Nova,https://bws.com.au/spirits/whisky,assets/stores/bws.svg,2026-04-16 02:54 UTC,saved_live_scrape,Top 50,Verified live
44,Starward Nova,Australian Whisky 700mL,Starward,Australian,,,700,Liquorland,AU,111.27,True,https://www.liquorland.com.au/spirits/whisky?search=Starward+Nova,https://www.liquorland.com.au/spirits/whisky,assets/stores/liquorland.svg,2026-03-31,curated_seed,Top 50,Live parse failed
44,Starward Nova,Australian Whisky 700mL,Starward,Australian,,,700,First Choice,AU,111.09,True,https://www.firstchoiceliquor.com.au/spirits/whisky?search=Starward+Nova,https://www.firstchoiceliquor.com.au/spirits/whisky,assets/stores/first_choice.svg,2026-03-31,curated_seed,Top 50,Live parse failed
45,Archie Rose Single Malt,Australian Whisky 700mL,Archie Rose,Australian,,,700,Dan Murphy's,AU,30.0,True,https://www.danmurphys.com.au/whisky/all?search=Archie+Rose+Single+Malt,https://www.danmurphys.com.au/whisky/all,assets/stores/dan_murphys.svg,2026-04-16 02:54 UTC,saved_live_scrape,Top 50,Verified live
45,Archie Rose Single Malt,Australian Whisky 700mL,Archie Rose,Australian,,,700,BWS,AU,20.0,False,https://bws.com.au/spirits/whisky?search=Archie+Rose+Single+Malt,https://bws.com.au/spirits/whisky,assets/stores/bws.svg,2026-04-16 02:54 UTC,saved_live_scrape,Top 50,Verified live
45,Archie Rose Single Malt,Australian Whisky 700mL,Archie Rose,Australian,,,700,Liquorland,AU,111.15,True,https://www.liquorland.com.au/spirits/whisky?search=Archie+Rose+Single+Malt,https://www.liquorland.com.au/spirits/whisky,assets/stores/liquorland.svg,2026-03-31,curated_seed,Top 50,Live parse failed
45,Archie Rose Single Malt,Australian Whisky 700mL,Archie Rose,Australian,,,700,First Choice,AU,104.05,True,https://www.firstchoiceliquor.com.au/spirits/whisky?search=Archie+Rose+Single+Malt,https://www.firstchoiceliquor.com.au/spirits/whisky,assets/stores/first_choice.svg,2026-03-31,curated_seed,Top 50,Live parse failed
46,Lark Symphony No.1,Australian Whisky 500mL,Lark,Australian,,,500,Dan Murphy's,AU,30.0,True,https://www.danmurphys.com.au/whisky/all?search=Lark+Symphony+No.1,https://www.danmurphys.com.au/whisky/all,assets/stores/dan_murphys.svg,2026-04-16 02:54 UTC,saved_live_scrape,Top 50,Verified live
46,Lark Symphony No.1,Australian Whisky 500mL,Lark,Australian,,,500,BWS,AU,66.0,True,https://bws.com.au/spirits/whisky?search=Lark+Symphony+No.1,https://bws.com.au/spirits/whisky,assets/stores/bws.svg,2026-04-16 02:54 UTC,saved_live_scrape,Top 50,Verified live
46,Lark Symphony No.1,Australian Whisky 500mL,Lark,Australian,,,500,Liquorland,AU,129.96,True,https://www.liquorland.com.au/spirits/whisky?search=Lark+Symphony+No.1,https://www.liquorland.com.au/spirits/whisky,assets/stores/liquorland.svg,2026-03-31,curated_seed,Top 50,Live parse failed
46,Lark Symphony No.1,Australian Whisky 500mL,Lark,Australian,,,500,First Choice,AU,127.32,True,https://www.firstchoiceliquor.com.au/spirits/whisky?search=Lark+Symphony+No.1,https://www.firstchoiceliquor.com.au/spirits/whisky,assets/stores/first_choice.svg,2026-03-31,curated_seed,Top 50,Live parse failed
47,Lark Classic Cask,Australian Whisky 500mL,Lark,Australian,,,500,Dan Murphy's,AU,30.0,True,https://www.danmurphys.com.au/whisky/all?search=Lark+Classic+Cask,https://www.danmurphys.com.au/whisky/all,assets/stores/dan_murphys.svg,2026-04-16 02:54 UTC,saved_live_scrape,Top 50,Verified live
47,Lark Classic Cask,Australian Whisky 500mL,Lark,Australian,,,500,BWS,AU,20.0,True,https://bws.com.au/spirits/whisky?search=Lark+Classic+Cask,https://bws.com.au/spirits/whisky,assets/stores/bws.svg,2026-04-16 02:54 UTC,saved_live_scrape,Top 50,Verified live
47,Lark Classic Cask,Australian Whisky 500mL,Lark,Australian,,,500,Liquorland,AU,142.26,True,https://www.liquorland.com.au/spirits/whisky?search=Lark+Classic+Cask,https://www.liquorland.com.au/spirits/whisky,assets/stores/liquorland.svg,2026-03-31,curated_seed,Top 50,Live parse failed
47,Lark Classic Cask,Australian Whisky 500mL,Lark,Australian,,,500,First Choice,AU,141.42,True,https://www.firstchoiceliquor.com.au/spirits/whisky?search=Lark+Classic+Cask,https://www.firstchoiceliquor.com.au/spirits/whisky,assets/stores/first_choice.svg,2026-03-31,curated_seed,Top 50,Live parse failed
48,Bushmills Original,Irish Whiskey 700mL,Bushmills,Irish,,,700,Dan Murphy's,AU,30.0,True,https://www.danmurphys.com.au/whisky/all?search=Bushmills+Original,https://www.danmurphys.com.au/whisky/all,assets/stores/dan_murphys.svg,2026-04-16 02:54 UTC,saved_live_scrape,Top 50,Verified live
48,Bushmills Original,Irish Whiskey 700mL,Bushmills,Irish,,,700,BWS,AU,20.0,True,https://bws.com.au/spirits/whisky?search=Bushmills+Original,https://bws.com.au/spirits/whisky,assets/stores/bws.svg,2026-04-16 02:54 UTC,saved_live_scrape,Top 50,Verified live
48,Bushmills Original,Irish Whiskey 700mL,Bushmills,Irish,,,700,Liquorland,AU,48.38,True,https://www.liquorland.com.au/spirits/whisky?search=Bushmills+Original,https://www.liquorland.com.au/spirits/whisky,assets/stores/liquorland.svg,2026-03-31,curated_seed,Top 50,Live parse failed
48,Bushmills Original,Irish Whiskey 700mL,Bushmills,Irish,,,700,First Choice,AU,46.46,True,https://www.firstchoiceliquor.com.au/spirits/whisky?search=Bushmills+Original,https://www.firstchoiceliquor.com.au/spirits/whisky,assets/stores/first_choice.svg,2026-03-31,curated_seed,Top 50,Live parse failed
49,Bushmills Black Bush,Irish Whiskey 700mL,Bushmills,Irish,,,700,Dan Murphy's,AU,30.0,False,https://www.danmurphys.com.au/whisky/all?search=Bushmills+Black+Bush,https://www.danmurphys.com.au/whisky/all,assets/stores/dan_murphys.svg,2026-04-16 02:54 UTC,saved_live_scrape,Top 50,Verified live
49,Bushmills Black Bush,Irish Whiskey 700mL,Bushmills,Irish,,,700,BWS,AU,20.0,True,https://bws.com.au/spirits/whisky?search=Bushmills+Black+Bush,https://bws.com.au/spirits/whisky,assets/stores/bws.svg,2026-04-16 02:54 UTC,saved_live_scrape,Top 50,Verified live
49,Bushmills Black Bush,Irish Whiskey 700mL,Bushmills,Irish,,,700,Liquorland,AU,63.77,False,https://www.liquorland.com.au/spirits/whisky?search=Bushmills+Black+Bush,https://www.liquorland.com.au/spirits/whisky,assets/stores/liquorland.svg,2026-03-31,curated_seed,Top 50,Live parse failed
49,Bushmills Black Bush,Irish Whiskey 700mL,Bushmills,Irish,,,700,First Choice,AU,59.59,True,https://www.firstchoiceliquor.com.au/spirits/whisky?search=Bushmills+Black+Bush,https://www.firstchoiceliquor.com.au/spirits/whisky,assets/stores/first_choice.svg,2026-03-31,curated_seed,Top 50,Live parse failed
50,Fireball Cinnamon Whisky,Flavoured Whisky 700mL,Fireball,Flavoured,,,700,Dan Murphy's,AU,30.0,True,https://www.danmurphys.com.au/whisky/all?search=Fireball+Cinnamon+Whisky,https://www.danmurphys.com.au/whisky/all,assets/stores/dan_murphys.svg,2026-04-16 02:54 UTC,saved_live_scrape,Top 50,Verified live
50,Fireball Cinnamon Whisky,Flavoured Whisky 700mL,Fireball,Flavoured,,,700,BWS,AU,20.0,True,https://bws.com.au/spirits/whisky?search=Fireball+Cinnamon+Whisky,https://bws.com.au/spirits/whisky,assets/stores/bws.svg,2026-04-16 02:54 UTC,saved_live_scrape,Top 50,Verified live
50,Fireball Cinnamon Whisky,Flavoured Whisky 700mL,Fireball,Flavoured,,,700,Liquorland,AU,41.23,True,https://www.liquorland.com.au/spirits/whisky?search=Fireball+Cinnamon+Whisky,https://www.liquorland.com.au/spirits/whisky,assets/stores/liquorland.svg,2026-03-31,curated_seed,Top 50,Live parse failed
50,Fireball Cinnamon Whisky,Flavoured Whisky 700mL,Fireball,Flavoured,,,700,First Choice,AU,39.41,True,https://www.firstchoiceliquor.com.au/spirits/whisky?search=Fireball+Cinnamon+Whisky,https://www.firstchoiceliquor.com.au/spirits/whisky,assets/stores/first_choice.svg,2026-03-31,curated_seed,Top 50,Live parse failed
